?,Up hzdizm Avhdgdz bzcömzi qdzm Kzmnjizi. Ydz Hpoozm wdi dxc piy yvii bzcömo ivoümgdxc hzdi Hvii yvup. Rdm cvwzi urzd Fdiyzm, zdizi Njci, yzm nzxcn Evcmz vgo dno piy zdiz ymzdeäcmdbz Ojxcozm. Rdm rjcizi di zdizh fgzdizi Cvpn hdo zdizh Bvmozi. Yjmo föiizi ydz Fdiyzm zdi wdnnxczi nkdzgzi. Pinzm Njci fjhho wvgy di ydz Nxcpgz, pinzmz Ojxcozm bzco ijxc zdiz Uzdo gvib di yzi Fdiyzmbvmozi. Hzdiz Fdiyzm ndiy vh Ivxchdoovb up Cvpnz. Nj vmwzdoz dxc ipm cvgwovbn.Up hzdizm Avhdgdz bzcömzi qdzm Kzmnjizi. Ydz Hpoozm wdi dxc piy yvii bzcömo ivoümgdxc hzdi Hvii yvup. Rdm cvwzi urzd Fdiyzm, zdizi Njci, yzm nzxcn Evcmz vgo dno piy zdiz ymzdeäcmdbz Ojxcozm. Rdm rjcizi di zdizh fgzdizi Cvpn hdo zdizh Bvmozi. Yjmo föiizi ydz Fdiyzm zdi wdnnxczi nkdzgzi. Pinzm Njci fjhho wvgy di ydz Nxcpgz, pinzmz Ojxcozm bzco ijxc zdiz Uzdo gvib di yzi Fdiyzmbvmozi. Hzdiz Fdiyzm ndiy vh Ivxchdoovb up Cvpnz. Nj vmwzdoz dxc ipm cvgwovbn.
Brute Force,
key, shifted text
1,VQ IAEJAN BWIEHEA CADöNAJ REAN LANOKJAJ. ZEA IQPPAN XEJ EYD QJZ ZWJJ CADöNP JWPüNHEYD IAEJ IWJJ ZWVQ. SEN DWXAJ VSAE GEJZAN, AEJAJ OKDJ, ZAN OAYDO FWDNA WHP EOP QJZ AEJA ZNAEFäDNECA PKYDPAN. SEN SKDJAJ EJ AEJAI GHAEJAJ DWQO IEP AEJAI CWNPAJ. ZKNP GöJJAJ ZEA GEJZAN AEJ XEOOYDAJ OLEAHAJ. QJOAN OKDJ GKIIP XWHZ EJ ZEA OYDQHA, QJOANA PKYDPAN CADP JKYD AEJA VAEP HWJC EJ ZAJ GEJZANCWNPAJ. IAEJA GEJZAN OEJZ WI JWYDIEPPWC VQ DWQOA. OK WNXAEPA EYD JQN DWHXPWCO.VQ IAEJAN BWIEHEA CADöNAJ REAN LANOKJAJ. ZEA IQPPAN XEJ EYD QJZ ZWJJ CADöNP JWPüNHEYD IAEJ IWJJ ZWVQ. SEN DWXAJ VSAE GEJZAN, AEJAJ OKDJ, ZAN OAYDO FWDNA WHP EOP QJZ AEJA ZNAEFäDNECA PKYDPAN. SEN SKDJAJ EJ AEJAI GHAEJAJ DWQO IEP AEJAI CWNPAJ. ZKNP GöJJAJ ZEA GEJZAN AEJ XEOOYDAJ OLEAHAJ. QJOAN OKDJ GKIIP XWHZ EJ ZEA OYDQHA, QJOANA PKYDPAN CADP JKYD AEJA VAEP HWJC EJ ZAJ GEJZANCWNPAJ. IAEJA GEJZAN OEJZ WI JWYDIEPPWC VQ DWQOA. OK WNXAEPA EYD JQN DWHXPWCO.
2,WR JBFKBO CXJFIFB DBEöOBK SFBO MBOPLKBK. AFB JRQQBO YFK FZE RKA AXKK DBEöOQ KXQüOIFZE JBFK JXKK AXWR. TFO EXYBK WTBF HFKABO, BFKBK PLEK, ABO PBZEP GXEOB XIQ FPQ RKA BFKB AOBFGäEOFDB QLZEQBO. TFO TLEKBK FK BFKBJ HIBFKBK EXRP JFQ BFKBJ DXOQBK. ALOQ HöKKBK AFB HFKABO BFK YFPPZEBK PMFBIBK. RKPBO PLEK HLJJQ YXIA FK AFB PZERIB, RKPBOB QLZEQBO DBEQ KLZE BFKB WBFQ IXKD FK ABK HFKABODXOQBK. JBFKB HFKABO PFKA XJ KXZEJFQQXD WR EXRPB. PL XOYBFQB FZE KRO EXIYQXDP.WR JBFKBO CXJFIFB DBEöOBK SFBO MBOPLKBK. AFB JRQQBO YFK FZE RKA AXKK DBEöOQ KXQüOIFZE JBFK JXKK AXWR. TFO EXYBK WTBF HFKABO, BFKBK PLEK, ABO PBZEP GXEOB XIQ FPQ RKA BFKB AOBFGäEOFDB QLZEQBO. TFO TLEKBK FK BFKBJ HIBFKBK EXRP JFQ BFKBJ DXOQBK. ALOQ HöKKBK AFB HFKABO BFK YFPPZEBK PMFBIBK. RKPBO PLEK HLJJQ YXIA FK AFB PZERIB, RKPBOB QLZEQBO DBEQ KLZE BFKB WBFQ IXKD FK ABK HFKABODXOQBK. JBFKB HFKABO PFKA XJ KXZEJFQQXD WR EXRPB. PL XOYBFQB FZE KRO EXIYQXDP.
3,XS KCGLCP DYKGJGC ECFöPCL TGCP NCPQMLCL. BGC KSRRCP ZGL GAF SLB BYLL ECFöPR LYRüPJGAF KCGL KYLL BYXS. UGP FYZCL XUCG IGLBCP, CGLCL QMFL, BCP QCAFQ HYFPC YJR GQR SLB CGLC BPCGHäFPGEC RMAFRCP. UGP UMFLCL GL CGLCK IJCGLCL FYSQ KGR CGLCK EYPRCL. BMPR IöLLCL BGC IGLBCP CGL ZGQQAFCL QNGCJCL. SLQCP QMFL IMKKR ZYJB GL BGC QAFSJC, SLQCPC RMAFRCP ECFR LMAF CGLC XCGR JYLE GL BCL IGLBCPEYPRCL. KCGLC IGLBCP QGLB YK LYAFKGRRYE XS FYSQC. QM YPZCGRC GAF LSP FYJZRYEQ.XS KCGLCP DYKGJGC ECFöPCL TGCP NCPQMLCL. BGC KSRRCP ZGL GAF SLB BYLL ECFöPR LYRüPJGAF KCGL KYLL BYXS. UGP FYZCL XUCG IGLBCP, CGLCL QMFL, BCP QCAFQ HYFPC YJR GQR SLB CGLC BPCGHäFPGEC RMAFRCP. UGP UMFLCL GL CGLCK IJCGLCL FYSQ KGR CGLCK EYPRCL. BMPR IöLLCL BGC IGLBCP CGL ZGQQAFCL QNGCJCL. SLQCP QMFL IMKKR ZYJB GL BGC QAFSJC, SLQCPC RMAFRCP ECFR LMAF CGLC XCGR JYLE GL BCL IGLBCPEYPRCL. KCGLC IGLBCP QGLB YK LYAFKGRRYE XS FYSQC. QM YPZCGRC GAF LSP FYJZRYEQ.
4,YT LDHMDQ EZLHKHD FDGöQDM UHDQ ODQRNMDM. CHD LTSSDQ AHM HBG TMC CZMM FDGöQS MZSüQKHBG LDHM LZMM CZYT. VHQ GZADM YVDH JHMCDQ, DHMDM RNGM, CDQ RDBGR IZGQD ZKS HRS TMC DHMD CQDHIäGQHFD SNBGSDQ. VHQ VNGMDM HM DHMDL JKDHMDM GZTR LHS DHMDL FZQSDM. CNQS JöMMDM CHD JHMCDQ DHM AHRRBGDM ROHDKDM. TMRDQ RNGM JNLLS AZKC HM CHD RBGTKD, TMRDQD SNBGSDQ FDGS MNBG DHMD YDHS KZMF HM CDM JHMCDQFZQSDM. LDHMD JHMCDQ RHMC ZL MZBGLHSSZF YT GZTRD. RN ZQADHSD HBG MTQ GZKASZFR.YT LDHMDQ EZLHKHD FDGöQDM UHDQ ODQRNMDM. CHD LTSSDQ AHM HBG TMC CZMM FDGöQS MZSüQKHBG LDHM LZMM CZYT. VHQ GZADM YVDH JHMCDQ, DHMDM RNGM, CDQ RDBGR IZGQD ZKS HRS TMC DHMD CQDHIäGQHFD SNBGSDQ. VHQ VNGMDM HM DHMDL JKDHMDM GZTR LHS DHMDL FZQSDM. CNQS JöMMDM CHD JHMCDQ DHM AHRRBGDM ROHDKDM. TMRDQ RNGM JNLLS AZKC HM CHD RBGTKD, TMRDQD SNBGSDQ FDGS MNBG DHMD YDHS KZMF HM CDM JHMCDQFZQSDM. LDHMD JHMCDQ RHMC ZL MZBGLHSSZF YT GZTRD. RN ZQADHSD HBG MTQ GZKASZFR.
5,ZU MEINER FAMILIE GEHöREN VIER PERSONEN. DIE MUTTER BIN ICH UND DANN GEHöRT NATüRLICH MEIN MANN DAZU. WIR HABEN ZWEI KINDER, EINEN SOHN, DER SECHS JAHRE ALT IST UND EINE DREIJäHRIGE TOCHTER. WIR WOHNEN IN EINEM KLEINEN HAUS MIT EINEM GARTEN. DORT KöNNEN DIE KINDER EIN BISSCHEN SPIELEN. UNSER SOHN KOMMT BALD IN DIE SCHULE, UNSERE TOCHTER GEHT NOCH EINE ZEIT LANG IN DEN KINDERGARTEN. MEINE KINDER SIND AM NACHMITTAG ZU HAUSE. SO ARBEITE ICH NUR HALBTAGS.ZU MEINER FAMILIE GEHöREN VIER PERSONEN. DIE MUTTER BIN ICH UND DANN GEHöRT NATüRLICH MEIN MANN DAZU. WIR HABEN ZWEI KINDER, EINEN SOHN, DER SECHS JAHRE ALT IST UND EINE DREIJäHRIGE TOCHTER. WIR WOHNEN IN EINEM KLEINEN HAUS MIT EINEM GARTEN. DORT KöNNEN DIE KINDER EIN BISSCHEN SPIELEN. UNSER SOHN KOMMT BALD IN DIE SCHULE, UNSERE TOCHTER GEHT NOCH EINE ZEIT LANG IN DEN KINDERGARTEN. MEINE KINDER SIND AM NACHMITTAG ZU HAUSE. SO ARBEITE ICH NUR HALBTAGS.
6,AV NFJOFS GBNJMJF HFIöSFO WJFS QFSTPOFO. EJF NVUUFS CJO JDI VOE EBOO HFIöSU OBUüSMJDI NFJO NBOO EBAV. XJS IBCFO AXFJ LJOEFS, FJOFO TPIO, EFS TFDIT KBISF BMU JTU VOE FJOF ESFJKäISJHF UPDIUFS. XJS XPIOFO JO FJOFN LMFJOFO IBVT NJU FJOFN HBSUFO. EPSU LöOOFO EJF LJOEFS FJO CJTTDIFO TQJFMFO. VOTFS TPIO LPNNU CBME JO EJF TDIVMF, VOTFSF UPDIUFS HFIU OPDI FJOF AFJU MBOH JO EFO LJOEFSHBSUFO. NFJOF LJOEFS TJOE BN OBDINJUUBH AV IBVTF. TP BSCFJUF JDI OVS IBMCUBHT.AV NFJOFS GBNJMJF HFIöSFO WJFS QFSTPOFO. EJF NVUUFS CJO JDI VOE EBOO HFIöSU OBUüSMJDI NFJO NBOO EBAV. XJS IBCFO AXFJ LJOEFS, FJOFO TPIO, EFS TFDIT KBISF BMU JTU VOE FJOF ESFJKäISJHF UPDIUFS. XJS XPIOFO JO FJOFN LMFJOFO IBVT NJU FJOFN HBSUFO. EPSU LöOOFO EJF LJOEFS FJO CJTTDIFO TQJFMFO. VOTFS TPIO LPNNU CBME JO EJF TDIVMF, VOTFSF UPDIUFS HFIU OPDI FJOF AFJU MBOH JO EFO LJOEFSHBSUFO. NFJOF LJOEFS TJOE BN OBDINJUUBH AV IBVTF. TP BSCFJUF JDI OVS IBMCUBHT.
7,BW OGKPGT HCOKNKG IGJöTGP XKGT RGTUQPGP. FKG OWVVGT DKP KEJ WPF FCPP IGJöTV PCVüTNKEJ OGKP OCPP FCBW. YKT JCDGP BYGK MKPFGT, GKPGP UQJP, FGT UGEJU LCJTG CNV KUV WPF GKPG FTGKLäJTKIG VQEJVGT. YKT YQJPGP KP GKPGO MNGKPGP JCWU OKV GKPGO ICTVGP. FQTV MöPPGP FKG MKPFGT GKP DKUUEJGP URKGNGP. WPUGT UQJP MQOOV DCNF KP FKG UEJWNG, WPUGTG VQEJVGT IGJV PQEJ GKPG BGKV NCPI KP FGP MKPFGTICTVGP. OGKPG MKPFGT UKPF CO PCEJOKVVCI BW JCWUG. UQ CTDGKVG KEJ PWT JCNDVCIU.BW OGKPGT HCOKNKG IGJöTGP XKGT RGTUQPGP. FKG OWVVGT DKP KEJ WPF FCPP IGJöTV PCVüTNKEJ OGKP OCPP FCBW. YKT JCDGP BYGK MKPFGT, GKPGP UQJP, FGT UGEJU LCJTG CNV KUV WPF GKPG FTGKLäJTKIG VQEJVGT. YKT YQJPGP KP GKPGO MNGKPGP JCWU OKV GKPGO ICTVGP. FQTV MöPPGP FKG MKPFGT GKP DKUUEJGP URKGNGP. WPUGT UQJP MQOOV DCNF KP FKG UEJWNG, WPUGTG VQEJVGT IGJV PQEJ GKPG BGKV NCPI KP FGP MKPFGTICTVGP. OGKPG MKPFGT UKPF CO PCEJOKVVCI BW JCWUG. UQ CTDGKVG KEJ PWT JCNDVCIU.
8,CX PHLQHU IDPLOLH JHKöUHQ YLHU SHUVRQHQ. GLH PXWWHU ELQ LFK XQG GDQQ JHKöUW QDWüUOLFK PHLQ PDQQ GDCX. ZLU KDEHQ CZHL NLQGHU, HLQHQ VRKQ, GHU VHFKV MDKUH DOW LVW XQG HLQH GUHLMäKULJH WRFKWHU. ZLU ZRKQHQ LQ HLQHP NOHLQHQ KDXV PLW HLQHP JDUWHQ. GRUW NöQQHQ GLH NLQGHU HLQ ELVVFKHQ VSLHOHQ. XQVHU VRKQ NRPPW EDOG LQ GLH VFKXOH, XQVHUH WRFKWHU JHKW QRFK HLQH CHLW ODQJ LQ GHQ NLQGHUJDUWHQ. PHLQH NLQGHU VLQG DP QDFKPLWWDJ CX KDXVH. VR DUEHLWH LFK QXU KDOEWDJV.CX PHLQHU IDPLOLH JHKöUHQ YLHU SHUVRQHQ. GLH PXWWHU ELQ LFK XQG GDQQ JHKöUW QDWüUOLFK PHLQ PDQQ GDCX. ZLU KDEHQ CZHL NLQGHU, HLQHQ VRKQ, GHU VHFKV MDKUH DOW LVW XQG HLQH GUHLMäKULJH WRFKWHU. ZLU ZRKQHQ LQ HLQHP NOHLQHQ KDXV PLW HLQHP JDUWHQ. GRUW NöQQHQ GLH NLQGHU HLQ ELVVFKHQ VSLHOHQ. XQVHU VRKQ NRPPW EDOG LQ GLH VFKXOH, XQVHUH WRFKWHU JHKW QRFK HLQH CHLW ODQJ LQ GHQ NLQGHUJDUWHQ. PHLQH NLQGHU VLQG DP QDFKPLWWDJ CX KDXVH. VR DUEHLWH LFK QXU KDOEWDJV.
9,DY QIMRIV JEQMPMI KILöVIR ZMIV TIVWSRIR. HMI QYXXIV FMR MGL YRH HERR KILöVX REXüVPMGL QIMR QERR HEDY. AMV LEFIR DAIM OMRHIV, IMRIR WSLR, HIV WIGLW NELVI EPX MWX YRH IMRI HVIMNäLVMKI XSGLXIV. AMV ASLRIR MR IMRIQ OPIMRIR LEYW QMX IMRIQ KEVXIR. HSVX OöRRIR HMI OMRHIV IMR FMWWGLIR WTMIPIR. YRWIV WSLR OSQQX FEPH MR HMI WGLYPI, YRWIVI XSGLXIV KILX RSGL IMRI DIMX PERK MR HIR OMRHIVKEVXIR. QIMRI OMRHIV WMRH EQ REGLQMXXEK DY LEYWI. WS EVFIMXI MGL RYV LEPFXEKW.DY QIMRIV JEQMPMI KILöVIR ZMIV TIVWSRIR. HMI QYXXIV FMR MGL YRH HERR KILöVX REXüVPMGL QIMR QERR HEDY. AMV LEFIR DAIM OMRHIV, IMRIR WSLR, HIV WIGLW NELVI EPX MWX YRH IMRI HVIMNäLVMKI XSGLXIV. AMV ASLRIR MR IMRIQ OPIMRIR LEYW QMX IMRIQ KEVXIR. HSVX OöRRIR HMI OMRHIV IMR FMWWGLIR WTMIPIR. YRWIV WSLR OSQQX FEPH MR HMI WGLYPI, YRWIVI XSGLXIV KILX RSGL IMRI DIMX PERK MR HIR OMRHIVKEVXIR. QIMRI OMRHIV WMRH EQ REGLQMXXEK DY LEYWI. WS EVFIMXI MGL RYV LEPFXEKW.
10,EZ RJNSJW KFRNQNJ LJMöWJS ANJW UJWXTSJS. INJ RZYYJW GNS NHM ZSI IFSS LJMöWY SFYüWQNHM RJNS RFSS IFEZ. BNW MFGJS EBJN PNSIJW, JNSJS XTMS, IJW XJHMX OFMWJ FQY NXY ZSI JNSJ IWJNOäMWNLJ YTHMYJW. BNW BTMSJS NS JNSJR PQJNSJS MFZX RNY JNSJR LFWYJS. ITWY PöSSJS INJ PNSIJW JNS GNXXHMJS XUNJQJS. ZSXJW XTMS PTRRY GFQI NS INJ XHMZQJ, ZSXJWJ YTHMYJW LJMY STHM JNSJ EJNY QFSL NS IJS PNSIJWLFWYJS. RJNSJ PNSIJW XNSI FR SFHMRNYYFL EZ MFZXJ. XT FWGJNYJ NHM SZW MFQGYFLX.EZ RJNSJW KFRNQNJ LJMöWJS ANJW UJWXTSJS. INJ RZYYJW GNS NHM ZSI IFSS LJMöWY SFYüWQNHM RJNS RFSS IFEZ. BNW MFGJS EBJN PNSIJW, JNSJS XTMS, IJW XJHMX OFMWJ FQY NXY ZSI JNSJ IWJNOäMWNLJ YTHMYJW. BNW BTMSJS NS JNSJR PQJNSJS MFZX RNY JNSJR LFWYJS. ITWY PöSSJS INJ PNSIJW JNS GNXXHMJS XUNJQJS. ZSXJW XTMS PTRRY GFQI NS INJ XHMZQJ, ZSXJWJ YTHMYJW LJMY STHM JNSJ EJNY QFSL NS IJS PNSIJWLFWYJS. RJNSJ PNSIJW XNSI FR SFHMRNYYFL EZ MFZXJ. XT FWGJNYJ NHM SZW MFQGYFLX.
11,FA SKOTKX LGSOROK MKNöXKT BOKX VKXYUTKT. JOK SAZZKX HOT OIN ATJ JGTT MKNöXZ TGZüXROIN SKOT SGTT JGFA. COX NGHKT FCKO QOTJKX, KOTKT YUNT, JKX YKINY PGNXK GRZ OYZ ATJ KOTK JXKOPäNXOMK ZUINZKX. COX CUNTKT OT KOTKS QRKOTKT NGAY SOZ KOTKS MGXZKT. JUXZ QöTTKT JOK QOTJKX KOT HOYYINKT YVOKRKT. ATYKX YUNT QUSSZ HGRJ OT JOK YINARK, ATYKXK ZUINZKX MKNZ TUIN KOTK FKOZ RGTM OT JKT QOTJKXMGXZKT. SKOTK QOTJKX YOTJ GS TGINSOZZGM FA NGAYK. YU GXHKOZK OIN TAX NGRHZGMY.FA SKOTKX LGSOROK MKNöXKT BOKX VKXYUTKT. JOK SAZZKX HOT OIN ATJ JGTT MKNöXZ TGZüXROIN SKOT SGTT JGFA. COX NGHKT FCKO QOTJKX, KOTKT YUNT, JKX YKINY PGNXK GRZ OYZ ATJ KOTK JXKOPäNXOMK ZUINZKX. COX CUNTKT OT KOTKS QRKOTKT NGAY SOZ KOTKS MGXZKT. JUXZ QöTTKT JOK QOTJKX KOT HOYYINKT YVOKRKT. ATYKX YUNT QUSSZ HGRJ OT JOK YINARK, ATYKXK ZUINZKX MKNZ TUIN KOTK FKOZ RGTM OT JKT QOTJKXMGXZKT. SKOTK QOTJKX YOTJ GS TGINSOZZGM FA NGAYK. YU GXHKOZK OIN TAX NGRHZGMY.
12,GB TLPULY MHTPSPL NLOöYLU CPLY WLYZVULU. KPL TBAALY IPU PJO BUK KHUU NLOöYA UHAüYSPJO TLPU THUU KHGB. DPY OHILU GDLP RPUKLY, LPULU ZVOU, KLY ZLJOZ QHOYL HSA PZA BUK LPUL KYLPQäOYPNL AVJOALY. DPY DVOULU PU LPULT RSLPULU OHBZ TPA LPULT NHYALU. KVYA RöUULU KPL RPUKLY LPU IPZZJOLU ZWPLSLU. BUZLY ZVOU RVTTA IHSK PU KPL ZJOBSL, BUZLYL AVJOALY NLOA UVJO LPUL GLPA SHUN PU KLU RPUKLYNHYALU. TLPUL RPUKLY ZPUK HT UHJOTPAAHN GB OHBZL. ZV HYILPAL PJO UBY OHSIAHNZ.GB TLPULY MHTPSPL NLOöYLU CPLY WLYZVULU. KPL TBAALY IPU PJO BUK KHUU NLOöYA UHAüYSPJO TLPU THUU KHGB. DPY OHILU GDLP RPUKLY, LPULU ZVOU, KLY ZLJOZ QHOYL HSA PZA BUK LPUL KYLPQäOYPNL AVJOALY. DPY DVOULU PU LPULT RSLPULU OHBZ TPA LPULT NHYALU. KVYA RöUULU KPL RPUKLY LPU IPZZJOLU ZWPLSLU. BUZLY ZVOU RVTTA IHSK PU KPL ZJOBSL, BUZLYL AVJOALY NLOA UVJO LPUL GLPA SHUN PU KLU RPUKLYNHYALU. TLPUL RPUKLY ZPUK HT UHJOTPAAHN GB OHBZL. ZV HYILPAL PJO UBY OHSIAHNZ.
13,HC UMQVMZ NIUQTQM OMPöZMV DQMZ XMZAWVMV. LQM UCBBMZ JQV QKP CVL LIVV OMPöZB VIBüZTQKP UMQV UIVV LIHC. EQZ PIJMV HEMQ SQVLMZ, MQVMV AWPV, LMZ AMKPA RIPZM ITB QAB CVL MQVM LZMQRäPZQOM BWKPBMZ. EQZ EWPVMV QV MQVMU STMQVMV PICA UQB MQVMU OIZBMV. LWZB SöVVMV LQM SQVLMZ MQV JQAAKPMV AXQMTMV. CVAMZ AWPV SWUUB JITL QV LQM AKPCTM, CVAMZM BWKPBMZ OMPB VWKP MQVM HMQB TIVO QV LMV SQVLMZOIZBMV. UMQVM SQVLMZ AQVL IU VIKPUQBBIO HC PICAM. AW IZJMQBM QKP VCZ PITJBIOA.HC UMQVMZ NIUQTQM OMPöZMV DQMZ XMZAWVMV. LQM UCBBMZ JQV QKP CVL LIVV OMPöZB VIBüZTQKP UMQV UIVV LIHC. EQZ PIJMV HEMQ SQVLMZ, MQVMV AWPV, LMZ AMKPA RIPZM ITB QAB CVL MQVM LZMQRäPZQOM BWKPBMZ. EQZ EWPVMV QV MQVMU STMQVMV PICA UQB MQVMU OIZBMV. LWZB SöVVMV LQM SQVLMZ MQV JQAAKPMV AXQMTMV. CVAMZ AWPV SWUUB JITL QV LQM AKPCTM, CVAMZM BWKPBMZ OMPB VWKP MQVM HMQB TIVO QV LMV SQVLMZOIZBMV. UMQVM SQVLMZ AQVL IU VIKPUQBBIO HC PICAM. AW IZJMQBM QKP VCZ PITJBIOA.
14,ID VNRWNA OJVRURN PNQöANW ERNA YNABXWNW. MRN VDCCNA KRW RLQ DWM MJWW PNQöAC WJCüAURLQ VNRW VJWW MJID. FRA QJKNW IFNR TRWMNA, NRWNW BXQW, MNA BNLQB SJQAN JUC RBC DWM NRWN MANRSäQARPN CXLQCNA. FRA FXQWNW RW NRWNV TUNRWNW QJDB VRC NRWNV PJACNW. MXAC TöWWNW MRN TRWMNA NRW KRBBLQNW BYRNUNW. DWBNA BXQW TXVVC KJUM RW MRN BLQDUN, DWBNAN CXLQCNA PNQC WXLQ NRWN INRC UJWP RW MNW TRWMNAPJACNW. VNRWN TRWMNA BRWM JV WJLQVRCCJP ID QJDBN. BX JAKNRCN RLQ WDA QJUKCJPB.ID VNRWNA OJVRURN PNQöANW ERNA YNABXWNW. MRN VDCCNA KRW RLQ DWM MJWW PNQöAC WJCüAURLQ VNRW VJWW MJID. FRA QJKNW IFNR TRWMNA, NRWNW BXQW, MNA BNLQB SJQAN JUC RBC DWM NRWN MANRSäQARPN CXLQCNA. FRA FXQWNW RW NRWNV TUNRWNW QJDB VRC NRWNV PJACNW. MXAC TöWWNW MRN TRWMNA NRW KRBBLQNW BYRNUNW. DWBNA BXQW TXVVC KJUM RW MRN BLQDUN, DWBNAN CXLQCNA PNQC WXLQ NRWN INRC UJWP RW MNW TRWMNAPJACNW. VNRWN TRWMNA BRWM JV WJLQVRCCJP ID QJDBN. BX JAKNRCN RLQ WDA QJUKCJPB.
15,JE WOSXOB PKWSVSO QORöBOX FSOB ZOBCYXOX. NSO WEDDOB LSX SMR EXN NKXX QORöBD XKDüBVSMR WOSX WKXX NKJE. GSB RKLOX JGOS USXNOB, OSXOX CYRX, NOB COMRC TKRBO KVD SCD EXN OSXO NBOSTäRBSQO DYMRDOB. GSB GYRXOX SX OSXOW UVOSXOX RKEC WSD OSXOW QKBDOX. NYBD UöXXOX NSO USXNOB OSX LSCCMROX CZSOVOX. EXCOB CYRX UYWWD LKVN SX NSO CMREVO, EXCOBO DYMRDOB QORD XYMR OSXO JOSD VKXQ SX NOX USXNOBQKBDOX. WOSXO USXNOB CSXN KW XKMRWSDDKQ JE RKECO. CY KBLOSDO SMR XEB RKVLDKQC.JE WOSXOB PKWSVSO QORöBOX FSOB ZOBCYXOX. NSO WEDDOB LSX SMR EXN NKXX QORöBD XKDüBVSMR WOSX WKXX NKJE. GSB RKLOX JGOS USXNOB, OSXOX CYRX, NOB COMRC TKRBO KVD SCD EXN OSXO NBOSTäRBSQO DYMRDOB. GSB GYRXOX SX OSXOW UVOSXOX RKEC WSD OSXOW QKBDOX. NYBD UöXXOX NSO USXNOB OSX LSCCMROX CZSOVOX. EXCOB CYRX UYWWD LKVN SX NSO CMREVO, EXCOBO DYMRDOB QORD XYMR OSXO JOSD VKXQ SX NOX USXNOBQKBDOX. WOSXO USXNOB CSXN KW XKMRWSDDKQ JE RKECO. CY KBLOSDO SMR XEB RKVLDKQC.
16,KF XPTYPC QLXTWTP RPSöCPY GTPC APCDZYPY. OTP XFEEPC MTY TNS FYO OLYY RPSöCE YLEüCWTNS XPTY XLYY OLKF. HTC SLMPY KHPT VTYOPC, PTYPY DZSY, OPC DPNSD ULSCP LWE TDE FYO PTYP OCPTUäSCTRP EZNSEPC. HTC HZSYPY TY PTYPX VWPTYPY SLFD XTE PTYPX RLCEPY. OZCE VöYYPY OTP VTYOPC PTY MTDDNSPY DATPWPY. FYDPC DZSY VZXXE MLWO TY OTP DNSFWP, FYDPCP EZNSEPC RPSE YZNS PTYP KPTE WLYR TY OPY VTYOPCRLCEPY. XPTYP VTYOPC DTYO LX YLNSXTEELR KF SLFDP. DZ LCMPTEP TNS YFC SLWMELRD.KF XPTYPC QLXTWTP RPSöCPY GTPC APCDZYPY. OTP XFEEPC MTY TNS FYO OLYY RPSöCE YLEüCWTNS XPTY XLYY OLKF. HTC SLMPY KHPT VTYOPC, PTYPY DZSY, OPC DPNSD ULSCP LWE TDE FYO PTYP OCPTUäSCTRP EZNSEPC. HTC HZSYPY TY PTYPX VWPTYPY SLFD XTE PTYPX RLCEPY. OZCE VöYYPY OTP VTYOPC PTY MTDDNSPY DATPWPY. FYDPC DZSY VZXXE MLWO TY OTP DNSFWP, FYDPCP EZNSEPC RPSE YZNS PTYP KPTE WLYR TY OPY VTYOPCRLCEPY. XPTYP VTYOPC DTYO LX YLNSXTEELR KF SLFDP. DZ LCMPTEP TNS YFC SLWMELRD.
17,LG YQUZQD RMYUXUQ SQTöDQZ HUQD BQDEAZQZ. PUQ YGFFQD NUZ UOT GZP PMZZ SQTöDF ZMFüDXUOT YQUZ YMZZ PMLG. IUD TMNQZ LIQU WUZPQD, QUZQZ EATZ, PQD EQOTE VMTDQ MXF UEF GZP QUZQ PDQUVäTDUSQ FAOTFQD. IUD IATZQZ UZ QUZQY WXQUZQZ TMGE YUF QUZQY SMDFQZ. PADF WöZZQZ PUQ WUZPQD QUZ NUEEOTQZ EBUQXQZ. GZEQD EATZ WAYYF NMXP UZ PUQ EOTGXQ, GZEQDQ FAOTFQD SQTF ZAOT QUZQ LQUF XMZS UZ PQZ WUZPQDSMDFQZ. YQUZQ WUZPQD EUZP MY ZMOTYUFFMS LG TMGEQ. EA MDNQUFQ UOT ZGD TMXNFMSE.LG YQUZQD RMYUXUQ SQTöDQZ HUQD BQDEAZQZ. PUQ YGFFQD NUZ UOT GZP PMZZ SQTöDF ZMFüDXUOT YQUZ YMZZ PMLG. IUD TMNQZ LIQU WUZPQD, QUZQZ EATZ, PQD EQOTE VMTDQ MXF UEF GZP QUZQ PDQUVäTDUSQ FAOTFQD. IUD IATZQZ UZ QUZQY WXQUZQZ TMGE YUF QUZQY SMDFQZ. PADF WöZZQZ PUQ WUZPQD QUZ NUEEOTQZ EBUQXQZ. GZEQD EATZ WAYYF NMXP UZ PUQ EOTGXQ, GZEQDQ FAOTFQD SQTF ZAOT QUZQ LQUF XMZS UZ PQZ WUZPQDSMDFQZ. YQUZQ WUZPQD EUZP MY ZMOTYUFFMS LG TMGEQ. EA MDNQUFQ UOT ZGD TMXNFMSE.
18,MH ZRVARE SNZVYVR TRUöERA IVRE CREFBARA. QVR ZHGGRE OVA VPU HAQ QNAA TRUöEG ANGüEYVPU ZRVA ZNAA QNMH. JVE UNORA MJRV XVAQRE, RVARA FBUA, QRE FRPUF WNUER NYG VFG HAQ RVAR QERVWäUEVTR GBPUGRE. JVE JBUARA VA RVARZ XYRVARA UNHF ZVG RVARZ TNEGRA. QBEG XöAARA QVR XVAQRE RVA OVFFPURA FCVRYRA. HAFRE FBUA XBZZG ONYQ VA QVR FPUHYR, HAFRER GBPUGRE TRUG ABPU RVAR MRVG YNAT VA QRA XVAQRETNEGRA. ZRVAR XVAQRE FVAQ NZ ANPUZVGGNT MH UNHFR. FB NEORVGR VPU AHE UNYOGNTF.MH ZRVARE SNZVYVR TRUöERA IVRE CREFBARA. QVR ZHGGRE OVA VPU HAQ QNAA TRUöEG ANGüEYVPU ZRVA ZNAA QNMH. JVE UNORA MJRV XVAQRE, RVARA FBUA, QRE FRPUF WNUER NYG VFG HAQ RVAR QERVWäUEVTR GBPUGRE. JVE JBUARA VA RVARZ XYRVARA UNHF ZVG RVARZ TNEGRA. QBEG XöAARA QVR XVAQRE RVA OVFFPURA FCVRYRA. HAFRE FBUA XBZZG ONYQ VA QVR FPUHYR, HAFRER GBPUGRE TRUG ABPU RVAR MRVG YNAT VA QRA XVAQRETNEGRA. ZRVAR XVAQRE FVAQ NZ ANPUZVGGNT MH UNHFR. FB NEORVGR VPU AHE UNYOGNTF.
19,NI ASWBSF TOAWZWS USVöFSB JWSF DSFGCBSB. RWS AIHHSF PWB WQV IBR ROBB USVöFH BOHüFZWQV ASWB AOBB RONI. KWF VOPSB NKSW YWBRSF, SWBSB GCVB, RSF GSQVG XOVFS OZH WGH IBR SWBS RFSWXäVFWUS HCQVHSF. KWF KCVBSB WB SWBSA YZSWBSB VOIG AWH SWBSA UOFHSB. RCFH YöBBSB RWS YWBRSF SWB PWGGQVSB GDWSZSB. IBGSF GCVB YCAAH POZR WB RWS GQVIZS, IBGSFS HCQVHSF USVH BCQV SWBS NSWH ZOBU WB RSB YWBRSFUOFHSB. ASWBS YWBRSF GWBR OA BOQVAWHHOU NI VOIGS. GC OFPSWHS WQV BIF VOZPHOUG.NI ASWBSF TOAWZWS USVöFSB JWSF DSFGCBSB. RWS AIHHSF PWB WQV IBR ROBB USVöFH BOHüFZWQV ASWB AOBB RONI. KWF VOPSB NKSW YWBRSF, SWBSB GCVB, RSF GSQVG XOVFS OZH WGH IBR SWBS RFSWXäVFWUS HCQVHSF. KWF KCVBSB WB SWBSA YZSWBSB VOIG AWH SWBSA UOFHSB. RCFH YöBBSB RWS YWBRSF SWB PWGGQVSB GDWSZSB. IBGSF GCVB YCAAH POZR WB RWS GQVIZS, IBGSFS HCQVHSF USVH BCQV SWBS NSWH ZOBU WB RSB YWBRSFUOFHSB. ASWBS YWBRSF GWBR OA BOQVAWHHOU NI VOIGS. GC OFPSWHS WQV BIF VOZPHOUG.
20,OJ BTXCTG UPBXAXT VTWöGTC KXTG ETGHDCTC. SXT BJIITG QXC XRW JCS SPCC VTWöGI CPIüGAXRW BTXC BPCC SPOJ. LXG WPQTC OLTX ZXCSTG, TXCTC HDWC, STG HTRWH YPWGT PAI XHI JCS TXCT SGTXYäWGXVT IDRWITG. LXG LDWCTC XC TXCTB ZATXCTC WPJH BXI TXCTB VPGITC. SDGI ZöCCTC SXT ZXCSTG TXC QXHHRWTC HEXTATC. JCHTG HDWC ZDBBI QPAS XC SXT HRWJAT, JCHTGT IDRWITG VTWI CDRW TXCT OTXI APCV XC STC ZXCSTGVPGITC. BTXCT ZXCSTG HXCS PB CPRWBXIIPV OJ WPJHT. HD PGQTXIT XRW CJG WPAQIPVH.OJ BTXCTG UPBXAXT VTWöGTC KXTG ETGHDCTC. SXT BJIITG QXC XRW JCS SPCC VTWöGI CPIüGAXRW BTXC BPCC SPOJ. LXG WPQTC OLTX ZXCSTG, TXCTC HDWC, STG HTRWH YPWGT PAI XHI JCS TXCT SGTXYäWGXVT IDRWITG. LXG LDWCTC XC TXCTB ZATXCTC WPJH BXI TXCTB VPGITC. SDGI ZöCCTC SXT ZXCSTG TXC QXHHRWTC HEXTATC. JCHTG HDWC ZDBBI QPAS XC SXT HRWJAT, JCHTGT IDRWITG VTWI CDRW TXCT OTXI APCV XC STC ZXCSTGVPGITC. BTXCT ZXCSTG HXCS PB CPRWBXIIPV OJ WPJHT. HD PGQTXIT XRW CJG WPAQIPVH.
21,PK CUYDUH VQCYBYU WUXöHUD LYUH FUHIEDUD. TYU CKJJUH RYD YSX KDT TQDD WUXöHJ DQJüHBYSX CUYD CQDD TQPK. MYH XQRUD PMUY AYDTUH, UYDUD IEXD, TUH IUSXI ZQXHU QBJ YIJ KDT UYDU THUYZäXHYWU JESXJUH. MYH MEXDUD YD UYDUC ABUYDUD XQKI CYJ UYDUC WQHJUD. TEHJ AöDDUD TYU AYDTUH UYD RYIISXUD IFYUBUD. KDIUH IEXD AECCJ RQBT YD TYU ISXKBU, KDIUHU JESXJUH WUXJ DESX UYDU PUYJ BQDW YD TUD AYDTUHWQHJUD. CUYDU AYDTUH IYDT QC DQSXCYJJQW PK XQKIU. IE QHRUYJU YSX DKH XQBRJQWI.PK CUYDUH VQCYBYU WUXöHUD LYUH FUHIEDUD. TYU CKJJUH RYD YSX KDT TQDD WUXöHJ DQJüHBYSX CUYD CQDD TQPK. MYH XQRUD PMUY AYDTUH, UYDUD IEXD, TUH IUSXI ZQXHU QBJ YIJ KDT UYDU THUYZäXHYWU JESXJUH. MYH MEXDUD YD UYDUC ABUYDUD XQKI CYJ UYDUC WQHJUD. TEHJ AöDDUD TYU AYDTUH UYD RYIISXUD IFYUBUD. KDIUH IEXD AECCJ RQBT YD TYU ISXKBU, KDIUHU JESXJUH WUXJ DESX UYDU PUYJ BQDW YD TUD AYDTUHWQHJUD. CUYDU AYDTUH IYDT QC DQSXCYJJQW PK XQKIU. IE QHRUYJU YSX DKH XQBRJQWI.
22,QL DVZEVI WRDZCZV XVYöIVE MZVI GVIJFEVE. UZV DLKKVI SZE ZTY LEU UREE XVYöIK ERKüICZTY DVZE DREE URQL. NZI YRSVE QNVZ BZEUVI, VZEVE JFYE, UVI JVTYJ ARYIV RCK ZJK LEU VZEV UIVZAäYIZXV KFTYKVI. NZI NFYEVE ZE VZEVD BCVZEVE YRLJ DZK VZEVD XRIKVE. UFIK BöEEVE UZV BZEUVI VZE SZJJTYVE JGZVCVE. LEJVI JFYE BFDDK SRCU ZE UZV JTYLCV, LEJVIV KFTYKVI XVYK EFTY VZEV QVZK CREX ZE UVE BZEUVIXRIKVE. DVZEV BZEUVI JZEU RD ERTYDZKKRX QL YRLJV. JF RISVZKV ZTY ELI YRCSKRXJ.QL DVZEVI WRDZCZV XVYöIVE MZVI GVIJFEVE. UZV DLKKVI SZE ZTY LEU UREE XVYöIK ERKüICZTY DVZE DREE URQL. NZI YRSVE QNVZ BZEUVI, VZEVE JFYE, UVI JVTYJ ARYIV RCK ZJK LEU VZEV UIVZAäYIZXV KFTYKVI. NZI NFYEVE ZE VZEVD BCVZEVE YRLJ DZK VZEVD XRIKVE. UFIK BöEEVE UZV BZEUVI VZE SZJJTYVE JGZVCVE. LEJVI JFYE BFDDK SRCU ZE UZV JTYLCV, LEJVIV KFTYKVI XVYK EFTY VZEV QVZK CREX ZE UVE BZEUVIXRIKVE. DVZEV BZEUVI JZEU RD ERTYDZKKRX QL YRLJV. JF RISVZKV ZTY ELI YRCSKRXJ.
23,RM EWAFWJ XSEADAW YWZöJWF NAWJ HWJKGFWF. VAW EMLLWJ TAF AUZ MFV VSFF YWZöJL FSLüJDAUZ EWAF ESFF VSRM. OAJ ZSTWF ROWA CAFVWJ, WAFWF KGZF, VWJ KWUZK BSZJW SDL AKL MFV WAFW VJWABäZJAYW LGUZLWJ. OAJ OGZFWF AF WAFWE CDWAFWF ZSMK EAL WAFWE YSJLWF. VGJL CöFFWF VAW CAFVWJ WAF TAKKUZWF KHAWDWF. MFKWJ KGZF CGEEL TSDV AF VAW KUZMDW, MFKWJW LGUZLWJ YWZL FGUZ WAFW RWAL DSFY AF VWF CAFVWJYSJLWF. EWAFW CAFVWJ KAFV SE FSUZEALLSY RM ZSMKW. KG SJTWALW AUZ FMJ ZSDTLSYK.RM EWAFWJ XSEADAW YWZöJWF NAWJ HWJKGFWF. VAW EMLLWJ TAF AUZ MFV VSFF YWZöJL FSLüJDAUZ EWAF ESFF VSRM. OAJ ZSTWF ROWA CAFVWJ, WAFWF KGZF, VWJ KWUZK BSZJW SDL AKL MFV WAFW VJWABäZJAYW LGUZLWJ. OAJ OGZFWF AF WAFWE CDWAFWF ZSMK EAL WAFWE YSJLWF. VGJL CöFFWF VAW CAFVWJ WAF TAKKUZWF KHAWDWF. MFKWJ KGZF CGEEL TSDV AF VAW KUZMDW, MFKWJW LGUZLWJ YWZL FGUZ WAFW RWAL DSFY AF VWF CAFVWJYSJLWF. EWAFW CAFVWJ KAFV SE FSUZEALLSY RM ZSMKW. KG SJTWALW AUZ FMJ ZSDTLSYK.
24,SN FXBGXK YTFBEBX ZXAöKXG OBXK IXKLHGXG. WBX FNMMXK UBG BVA NGW WTGG ZXAöKM GTMüKEBVA FXBG FTGG WTSN. PBK ATUXG SPXB DBGWXK, XBGXG LHAG, WXK LXVAL CTAKX TEM BLM NGW XBGX WKXBCäAKBZX MHVAMXK. PBK PHAGXG BG XBGXF DEXBGXG ATNL FBM XBGXF ZTKMXG. WHKM DöGGXG WBX DBGWXK XBG UBLLVAXG LIBXEXG. NGLXK LHAG DHFFM UTEW BG WBX LVANEX, NGLXKX MHVAMXK ZXAM GHVA XBGX SXBM ETGZ BG WXG DBGWXKZTKMXG. FXBGX DBGWXK LBGW TF GTVAFBMMTZ SN ATNLX. LH TKUXBMX BVA GNK ATEUMTZL.SN FXBGXK YTFBEBX ZXAöKXG OBXK IXKLHGXG. WBX FNMMXK UBG BVA NGW WTGG ZXAöKM GTMüKEBVA FXBG FTGG WTSN. PBK ATUXG SPXB DBGWXK, XBGXG LHAG, WXK LXVAL CTAKX TEM BLM NGW XBGX WKXBCäAKBZX MHVAMXK. PBK PHAGXG BG XBGXF DEXBGXG ATNL FBM XBGXF ZTKMXG. WHKM DöGGXG WBX DBGWXK XBG UBLLVAXG LIBXEXG. NGLXK LHAG DHFFM UTEW BG WBX LVANEX, NGLXKX MHVAMXK ZXAM GHVA XBGX SXBM ETGZ BG WXG DBGWXKZTKMXG. FXBGX DBGWXK LBGW TF GTVAFBMMTZ SN ATNLX. LH TKUXBMX BVA GNK ATEUMTZL.
25,TO GYCHYL ZUGCFCY AYBöLYH PCYL JYLMIHYH. XCY GONNYL VCH CWB OHX XUHH AYBöLN HUNüLFCWB GYCH GUHH XUTO. QCL BUVYH TQYC ECHXYL, YCHYH MIBH, XYL MYWBM DUBLY UFN CMN OHX YCHY XLYCDäBLCAY NIWBNYL. QCL QIBHYH CH YCHYG EFYCHYH BUOM GCN YCHYG AULNYH. XILN EöHHYH XCY ECHXYL YCH VCMMWBYH MJCYFYH. OHMYL MIBH EIGGN VUFX CH XCY MWBOFY, OHMYLY NIWBNYL AYBN HIWB YCHY TYCN FUHA CH XYH ECHXYLAULNYH. GYCHY ECHXYL MCHX UG HUWBGCNNUA TO BUOMY. MI ULVYCNY CWB HOL BUFVNUAM.TO GYCHYL ZUGCFCY AYBöLYH PCYL JYLMIHYH. XCY GONNYL VCH CWB OHX XUHH AYBöLN HUNüLFCWB GYCH GUHH XUTO. QCL BUVYH TQYC ECHXYL, YCHYH MIBH, XYL MYWBM DUBLY UFN CMN OHX YCHY XLYCDäBLCAY NIWBNYL. QCL QIBHYH CH YCHYG EFYCHYH BUOM GCN YCHYG AULNYH. XILN EöHHYH XCY ECHXYL YCH VCMMWBYH MJCYFYH. OHMYL MIBH EIGGN VUFX CH XCY MWBOFY, OHMYLY NIWBNYL AYBN HIWB YCHY TYCN FUHA CH XYH ECHXYLAULNYH. GYCHY ECHXYL MCHX UG HUWBGCNNUA TO BUOMY. MI ULVYCNY CWB HOL BUFVNUAM.
Frequency analysis,
Min total frequency distance, key
0.388686956522, 5
,ZU MEINER FAMILIE GEHöREN VIER PERSONEN. DIE MUTTER BIN ICH UND DANN GEHöRT NATüRLICH MEIN MANN DAZU. WIR HABEN ZWEI KINDER, EINEN SOHN, DER SECHS JAHRE ALT IST UND EINE DREIJäHRIGE TOCHTER. WIR WOHNEN IN EINEM KLEINEN HAUS MIT EINEM GARTEN. DORT KöNNEN DIE KINDER EIN BISSCHEN SPIELEN. UNSER SOHN KOMMT BALD IN DIE SCHULE, UNSERE TOCHTER GEHT NOCH EINE ZEIT LANG IN DEN KINDERGARTEN. MEINE KINDER SIND AM NACHMITTAG ZU HAUSE. SO ARBEITE ICH NUR HALBTAGS.ZU MEINER FAMILIE GEHöREN VIER PERSONEN. DIE MUTTER BIN ICH UND DANN GEHöRT NATüRLICH MEIN MANN DAZU. WIR HABEN ZWEI KINDER, EINEN SOHN, DER SECHS JAHRE ALT IST UND EINE DREIJäHRIGE TOCHTER. WIR WOHNEN IN EINEM KLEINEN HAUS MIT EINEM GARTEN. DORT KöNNEN DIE KINDER EIN BISSCHEN SPIELEN. UNSER SOHN KOMMT BALD IN DIE SCHULE, UNSERE TOCHTER GEHT NOCH EINE ZEIT LANG IN DEN KINDERGARTEN. MEINE KINDER SIND AM NACHMITTAG ZU HAUSE. SO ARBEITE ICH NUR HALBTAGS.
